review_id,product_id,user_id,rating,comment
1,490,791,5,Excellent product! Highly recommended.
2,495,454,5,Excellent product! Highly recommended.
3,168,225,3,"Works fine, but material feels a bit cheap."
4,341,277,4,"Satisfied with the purchase, is as described."
5,233,81,5,Excellent product! Highly recommended.
6,134,369,1,Total waste of money.
7,280,313,5,"Perfect, exactly as described."
8,118,246,3,"Not bad, but not great either. Just average."
9,489,369,5,"Awesome, will buy again."
10,380,780,4,"Very good, minor scratches on the outer box but item is intact."
11,204,226,5,Very fast shipping and great quality.
12,262,118,3,"It does the job, but I expected more features."
13,199,441,4,"Pretty decent, does what it is supposed to."
14,28,309,4,"Nice product, works well."
15,44,543,5,"Exceeded my expectations, works flawlessly."
16,442,893,5,"Great value for money, absolutely love it!"
17,64,282,5,Excellent product! Highly recommended.
18,28,47,3,"Fair quality, could be improved."
19,467,839,4,"Value for money, good product."
20,227,251,2,"Poor quality, would not recommend."
21,106,220,5,The quality is amazing for the price.
22,410,968,5,Super fast delivery and superb product.
23,239,211,5,"Exceeded my expectations, works flawlessly."
24,395,416,5,"Perfect, exactly as described."
25,478,775,4,"Satisfied with the purchase, is as described."
26,303,568,4,"Satisfied with the purchase, is as described."
27,227,653,3,"It does the job, but I expected more features."
28,106,643,4,"Item arrived on time, works fine."
29,485,809,5,"Perfect, exactly as described."
30,412,358,5,"Perfect, exactly as described."
31,59,469,5,Very satisfied with this purchase.
32,252,953,4,"Item arrived on time, works fine."
33,12,820,5,"Awesome, will buy again."
34,123,150,4,"Very good, minor scratches on the outer box but item is intact."
35,452,728,4,"Value for money, good product."
36,21,332,5,"Exceeded my expectations, works flawlessly."
37,467,291,4,"Value for money, good product."
38,319,926,4,"Nice product, works well."
39,339,375,4,"Satisfied with the purchase, is as described."
40,280,907,5,Very fast shipping and great quality.
41,106,472,5,The quality is amazing for the price.
42,39,343,5,Super fast delivery and superb product.
43,97,298,5,Top notch quality and excellent customer service.
44,193,713,4,"Value for money, good product."
45,27,93,5,"Exceeded my expectations, works flawlessly."
46,196,318,5,Very satisfied with this purchase.
47,83,711,4,"Value for money, good product."
48,165,254,4,"Nice product, works well."
49,473,901,5,"Great value for money, absolutely love it!"
50,499,43,5,"Great value for money, absolutely love it!"
51,444,218,4,"Nice product, works well."
52,195,874,5,Excellent product! Highly recommended.
53,94,181,5,Excellent product! Highly recommended.
54,288,554,3,"Just normal, nothing special."
55,379,634,4,"Satisfied with the purchase, is as described."
56,374,121,5,Very satisfied with this purchase.
57,489,725,4,"Good quality, minor issues with packaging."
58,477,757,1,"Absolute garbage, doesn't work at all."
59,184,173,4,"Quite happy with it, though shipping took a bit longer."
60,418,257,4,"Very good, minor scratches on the outer box but item is intact."
61,330,653,3,Decent but could be better.
62,430,300,1,Item was missing parts and broken.
63,231,794,5,Very satisfied with this purchase.
64,488,223,2,"Poor quality, would not recommend."
65,149,997,5,"Awesome, will buy again."
66,409,283,4,"Quite happy with it, though shipping took a bit longer."
67,323,745,5,The quality is amazing for the price.
68,10,152,5,"Great value for money, absolutely love it!"
69,159,5,5,Excellent product! Highly recommended.
70,442,978,5,Very fast shipping and great quality.
71,181,560,5,Top notch quality and excellent customer service.
72,408,548,1,"Absolute garbage, doesn't work at all."
73,80,501,4,"Well made product, very useful."
74,82,235,2,Product feels very cheap and flimsy.
75,194,972,5,Top notch quality and excellent customer service.
76,133,190,4,"Good quality, minor issues with packaging."
77,47,738,5,Excellent product! Highly recommended.
78,254,677,2,"Disappointed with the quality, very flimsy."
79,72,265,5,The quality is amazing for the price.
80,30,871,4,"Satisfied with the purchase, is as described."
81,496,861,5,Very satisfied with this purchase.
82,286,302,4,"Value for money, good product."
83,321,104,3,"It is okay, shipping took too long."
84,285,577,3,"Fair quality, could be improved."
85,455,298,4,"Quite happy with it, though shipping took a bit longer."
86,31,198,5,Super fast delivery and superb product.
87,297,461,4,"Quite happy with it, though shipping took a bit longer."
88,466,104,1,Terrible! Do not buy.
89,462,130,3,Decent but could be better.
90,494,447,5,"Awesome, will buy again."
91,293,770,4,"Overall good, would recommend."
92,280,643,5,"Awesome, will buy again."
93,33,916,4,"Satisfied with the purchase, is as described."
94,191,281,5,"Perfect, exactly as described."
95,270,779,4,"Quite happy with it, though shipping took a bit longer."
96,323,729,3,"Satisfactory, but wouldn't buy it again."
97,227,38,5,"Great value for money, absolutely love it!"
98,158,186,1,"Very unhappy, zero stars if I could."
99,172,646,4,"Very good, minor scratches on the outer box but item is intact."
100,334,863,5,Very fast shipping and great quality.
101,429,876,5,"Exceeded my expectations, works flawlessly."
102,449,707,5,Excellent product! Highly recommended.
103,225,366,5,"Exceeded my expectations, works flawlessly."
104,179,30,4,"Quite happy with it, though shipping took a bit longer."
105,450,755,5,"Exceeded my expectations, works flawlessly."
106,237,639,4,"Overall good, would recommend."
107,153,828,5,"Perfect, exactly as described."
108,230,386,5,Top notch quality and excellent customer service.
109,426,309,5,"Great value for money, absolutely love it!"
110,323,565,5,Very satisfied with this purchase.
111,267,891,5,Super fast delivery and superb product.
112,376,814,4,"Good quality, minor issues with packaging."
113,185,384,5,"Perfect, exactly as described."
114,14,701,4,"Quite happy with it, though shipping took a bit longer."
115,259,70,5,"Awesome, will buy again."
116,33,396,5,"Exceeded my expectations, works flawlessly."
117,136,732,5,Top notch quality and excellent customer service.
118,327,464,1,"Extremely poor quality, broke immediately."
119,366,352,3,"It is okay, shipping took too long."
120,378,249,4,"Nice product, works well."
121,215,586,5,"Great value for money, absolutely love it!"
122,344,161,4,"Quite happy with it, though shipping took a bit longer."
123,68,967,1,"Very unhappy, zero stars if I could."
124,153,230,5,Super fast delivery and superb product.
125,57,971,5,"Exceeded my expectations, works flawlessly."
126,294,1000,3,"Not bad, but not great either. Just average."
127,129,230,5,"Perfect, exactly as described."
128,269,521,3,"Fair quality, could be improved."
129,336,364,3,"It does the job, but I expected more features."
130,274,958,1,SCAM! DO NOT BUY!
131,335,565,5,Excellent product! Highly recommended.
132,219,59,5,The quality is amazing for the price.
133,498,380,5,"Exceeded my expectations, works flawlessly."
134,379,332,5,Top notch quality and excellent customer service.
135,277,942,4,"Value for money, good product."
136,99,668,4,"Well made product, very useful."
137,150,350,5,Top notch quality and excellent customer service.
138,395,740,4,"Satisfied with the purchase, is as described."
139,116,231,1,"Received damaged product, very upset."
140,144,217,4,"Good quality, minor issues with packaging."
141,200,361,5,"Awesome, will buy again."
142,344,906,3,"Not bad, but not great either. Just average."
143,447,95,5,Excellent product! Highly recommended.
144,172,62,5,"Perfect, exactly as described."
145,243,953,5,"Perfect, exactly as described."
146,339,364,5,Excellent product! Highly recommended.
147,292,192,5,"Perfect, exactly as described."
148,447,583,5,Very satisfied with this purchase.
149,321,410,4,"Very good, minor scratches on the outer box but item is intact."
150,368,476,5,The quality is amazing for the price.
151,98,71,5,"Awesome, will buy again."
152,335,9,5,"Perfect, exactly as described."
153,250,665,5,Excellent product! Highly recommended.
154,15,431,3,"It is okay, shipping took too long."
155,135,369,5,The quality is amazing for the price.
156,93,918,5,Super fast delivery and superb product.
157,262,390,4,"Quite happy with it, though shipping took a bit longer."
158,387,143,5,The quality is amazing for the price.
159,475,189,5,"Awesome, will buy again."
160,135,406,5,"Exceeded my expectations, works flawlessly."
161,85,57,5,Very satisfied with this purchase.
162,69,196,4,"Satisfied with the purchase, is as described."
163,244,826,2,"Disappointed with the quality, very flimsy."
164,167,857,4,"Nice product, works well."
165,309,40,5,Super fast delivery and superb product.
166,481,808,5,Super fast delivery and superb product.
167,101,317,4,"Nice product, works well."
168,179,18,4,"Well made product, very useful."
169,414,890,4,"Pretty decent, does what it is supposed to."
170,113,857,5,"Great value for money, absolutely love it!"
171,85,697,5,"Perfect, exactly as described."
172,291,990,4,"Value for money, good product."
173,10,139,5,"Exceeded my expectations, works flawlessly."
174,178,735,4,"Pretty decent, does what it is supposed to."
175,276,779,4,"Good quality, minor issues with packaging."
176,149,947,4,"Overall good, would recommend."
177,192,740,4,"Pretty decent, does what it is supposed to."
178,392,630,5,The quality is amazing for the price.
179,265,104,1,"Absolute garbage, doesn't work at all."
180,279,285,5,Top notch quality and excellent customer service.
181,231,246,4,"Very good, minor scratches on the outer box but item is intact."
182,486,758,1,Item was missing parts and broken.
183,68,797,5,Super fast delivery and superb product.
184,319,706,4,"Value for money, good product."
185,432,371,5,Very fast shipping and great quality.
186,4,438,5,Top notch quality and excellent customer service.
187,164,723,5,"Great value for money, absolutely love it!"
188,440,678,5,Very fast shipping and great quality.
189,401,617,4,"Item arrived on time, works fine."
190,94,873,5,Super fast delivery and superb product.
191,469,829,2,"Poor quality, would not recommend."
192,17,425,4,"Very good, minor scratches on the outer box but item is intact."
193,162,99,5,The quality is amazing for the price.
194,466,479,5,"Great value for money, absolutely love it!"
195,159,856,5,The quality is amazing for the price.
196,231,485,5,"Awesome, will buy again."
197,266,941,5,"Exceeded my expectations, works flawlessly."
198,361,109,3,"Fair quality, could be improved."
199,390,189,5,Very fast shipping and great quality.
200,444,388,4,"Quite happy with it, though shipping took a bit longer."
201,122,628,4,"Pretty decent, does what it is supposed to."
202,350,223,4,"Satisfied with the purchase, is as described."
203,342,885,5,"Exceeded my expectations, works flawlessly."
204,247,687,5,"Perfect, exactly as described."
205,191,847,5,Top notch quality and excellent customer service.
206,296,770,5,The quality is amazing for the price.
207,239,857,5,Very satisfied with this purchase.
208,311,378,5,"Awesome, will buy again."
209,442,806,3,"Works fine, but material feels a bit cheap."
210,183,919,5,Top notch quality and excellent customer service.
211,311,692,5,Top notch quality and excellent customer service.
212,397,643,5,Super fast delivery and superb product.
213,220,933,3,"Average product, matches the price."
214,18,626,4,"Well made product, very useful."
215,253,24,5,Top notch quality and excellent customer service.
216,78,778,5,Super fast delivery and superb product.
217,180,460,4,"Overall good, would recommend."
218,71,770,4,"Nice product, works well."
219,394,946,5,The quality is amazing for the price.
220,413,19,5,Super fast delivery and superb product.
221,121,535,3,"Just normal, nothing special."
222,167,810,5,Very fast shipping and great quality.
223,286,746,4,"Value for money, good product."
224,313,32,5,Super fast delivery and superb product.
225,406,325,5,"Perfect, exactly as described."
226,238,428,3,"It is okay, shipping took too long."
227,140,91,5,Excellent product! Highly recommended.
228,220,682,5,"Perfect, exactly as described."
229,441,647,5,Very fast shipping and great quality.
230,76,174,5,Very satisfied with this purchase.
231,279,739,3,"It does the job, but I expected more features."
232,433,87,4,"Pretty decent, does what it is supposed to."
233,96,878,5,"Awesome, will buy again."
234,495,709,5,Super fast delivery and superb product.
235,298,871,4,"Nice product, works well."
236,360,774,3,"It is okay, shipping took too long."
237,471,376,4,"Well made product, very useful."
238,14,702,5,Very satisfied with this purchase.
239,308,430,5,Very fast shipping and great quality.
240,99,766,4,"Item arrived on time, works fine."
241,258,345,5,Very fast shipping and great quality.
242,381,628,4,"Value for money, good product."
243,424,552,5,Excellent product! Highly recommended.
244,428,53,5,Very satisfied with this purchase.
245,102,746,5,"Exceeded my expectations, works flawlessly."
246,126,885,1,"Very unhappy, zero stars if I could."
247,80,322,3,"Just normal, nothing special."
248,147,421,5,"Awesome, will buy again."
249,148,113,5,Top notch quality and excellent customer service.
250,416,366,5,Very fast shipping and great quality.
251,412,393,5,Very satisfied with this purchase.
252,494,969,5,Very fast shipping and great quality.
253,6,109,2,Product feels very cheap and flimsy.
254,479,405,5,Super fast delivery and superb product.
255,27,160,1,Worst purchase I have ever made.
256,313,590,4,"Overall good, would recommend."
257,438,83,5,The quality is amazing for the price.
258,61,407,2,"Bad customer service, item had defects."
259,395,768,2,"Defective item, had to return it."
260,272,774,2,Arrived late and didn't meet expectations.
261,175,593,4,"Value for money, good product."
262,259,390,3,"Satisfactory, but wouldn't buy it again."
263,385,515,5,Very fast shipping and great quality.
264,379,862,5,"Exceeded my expectations, works flawlessly."
265,466,926,5,"Exceeded my expectations, works flawlessly."
266,444,325,2,"Poor quality, would not recommend."
267,48,820,5,Excellent product! Highly recommended.
268,429,752,5,Excellent product! Highly recommended.
269,282,428,5,Very fast shipping and great quality.
270,276,767,5,Top notch quality and excellent customer service.
271,242,838,5,The quality is amazing for the price.
272,16,907,4,"Pretty decent, does what it is supposed to."
273,423,955,5,"Exceeded my expectations, works flawlessly."
274,253,145,5,"Exceeded my expectations, works flawlessly."
275,90,31,5,Super fast delivery and superb product.
276,322,327,3,"Average product, matches the price."
277,377,499,4,"Item arrived on time, works fine."
278,172,945,5,"Exceeded my expectations, works flawlessly."
279,393,753,3,Decent but could be better.
280,102,341,3,"Works fine, but material feels a bit cheap."
281,122,877,4,"Very good, minor scratches on the outer box but item is intact."
282,282,935,5,The quality is amazing for the price.
283,40,92,4,"Well made product, very useful."
284,302,868,4,"Value for money, good product."
285,273,438,5,Very satisfied with this purchase.
286,421,504,5,Top notch quality and excellent customer service.
287,76,43,4,"Pretty decent, does what it is supposed to."
288,61,503,4,"Quite happy with it, though shipping took a bit longer."
289,147,729,5,Top notch quality and excellent customer service.
290,122,34,5,"Great value for money, absolutely love it!"
291,480,2,5,"Perfect, exactly as described."
292,263,123,5,"Perfect, exactly as described."
293,331,56,5,"Great value for money, absolutely love it!"
294,421,227,5,Top notch quality and excellent customer service.
295,67,113,5,The quality is amazing for the price.
296,157,21,5,"Great value for money, absolutely love it!"
297,414,295,5,Very satisfied with this purchase.
298,93,715,5,"Awesome, will buy again."
299,18,751,5,Very satisfied with this purchase.
300,188,121,5,Super fast delivery and superb product.
301,177,844,4,"Item arrived on time, works fine."
302,422,745,5,Super fast delivery and superb product.
303,234,133,4,"Overall good, would recommend."
304,379,230,5,Very satisfied with this purchase.
305,295,126,5,The quality is amazing for the price.
306,249,137,5,Very satisfied with this purchase.
307,111,989,5,Very satisfied with this purchase.
308,29,261,2,"Bad customer service, item had defects."
309,367,161,4,"Good quality, minor issues with packaging."
310,243,955,5,Super fast delivery and superb product.
311,282,439,4,"Quite happy with it, though shipping took a bit longer."
312,20,456,2,Product feels very cheap and flimsy.
313,355,316,5,Very fast shipping and great quality.
314,186,848,3,"Satisfactory, but wouldn't buy it again."
315,385,40,4,"Overall good, would recommend."
316,188,736,5,"Perfect, exactly as described."
317,241,239,4,"Quite happy with it, though shipping took a bit longer."
318,128,654,3,"Just normal, nothing special."
319,364,983,4,"Good quality, minor issues with packaging."
320,144,440,2,"Bad customer service, item had defects."
321,434,283,5,Top notch quality and excellent customer service.
322,50,868,3,"Mediocre quality, but acceptable."
323,227,461,3,"Average product, matches the price."
324,359,206,4,"Satisfied with the purchase, is as described."
325,445,944,3,"Not bad, but not great either. Just average."
326,114,376,5,"Awesome, will buy again."
327,158,808,5,"Great value for money, absolutely love it!"
328,487,153,4,"Overall good, would recommend."
329,254,101,4,"Item arrived on time, works fine."
330,53,444,5,Very fast shipping and great quality.
331,335,300,5,Super fast delivery and superb product.
332,255,76,4,"Satisfied with the purchase, is as described."
333,283,287,1,Total waste of money.
334,452,752,4,"Nice product, works well."
335,15,31,5,"Great value for money, absolutely love it!"
336,415,513,4,"Very good, minor scratches on the outer box but item is intact."
337,320,688,3,"It does the job, but I expected more features."
338,225,145,3,"Not bad, but not great either. Just average."
339,437,655,4,"Very good, minor scratches on the outer box but item is intact."
340,178,434,5,Super fast delivery and superb product.
341,290,987,4,"Quite happy with it, though shipping took a bit longer."
342,359,183,4,"Nice product, works well."
343,224,785,4,"Item arrived on time, works fine."
344,224,282,4,"Very good, minor scratches on the outer box but item is intact."
345,379,226,5,The quality is amazing for the price.
346,35,454,4,"Quite happy with it, though shipping took a bit longer."
347,466,104,5,"Awesome, will buy again."
348,458,392,5,Very fast shipping and great quality.
349,314,460,5,Top notch quality and excellent customer service.
350,74,659,2,"Disappointed with the quality, very flimsy."
351,307,736,4,"Quite happy with it, though shipping took a bit longer."
352,62,12,5,Very satisfied with this purchase.
353,386,942,4,"Nice product, works well."
354,280,775,4,"Pretty decent, does what it is supposed to."
355,448,566,5,Very fast shipping and great quality.
356,259,139,5,Super fast delivery and superb product.
357,234,644,5,"Great value for money, absolutely love it!"
358,6,233,4,"Satisfied with the purchase, is as described."
359,198,814,5,The quality is amazing for the price.
360,354,877,5,Very satisfied with this purchase.
361,466,716,5,The quality is amazing for the price.
362,133,779,5,The quality is amazing for the price.
363,318,224,5,"Awesome, will buy again."
364,284,743,5,"Great value for money, absolutely love it!"
365,292,119,2,"Not worth the price, unfortunately."
366,295,536,5,"Perfect, exactly as described."
367,274,927,5,Very fast shipping and great quality.
368,393,386,5,Top notch quality and excellent customer service.
369,71,900,3,"Not bad, but not great either. Just average."
370,327,428,5,The quality is amazing for the price.
371,171,920,5,"Exceeded my expectations, works flawlessly."
372,114,195,5,The quality is amazing for the price.
373,409,595,4,"Item arrived on time, works fine."
374,8,466,5,"Perfect, exactly as described."
375,346,563,5,Super fast delivery and superb product.
376,370,141,5,"Great value for money, absolutely love it!"
377,134,963,5,"Awesome, will buy again."
378,2,684,3,"Just normal, nothing special."
379,293,713,3,"Mediocre quality, but acceptable."
380,150,969,1,"Horrible experience, completely broken."
381,348,952,4,"Good quality, minor issues with packaging."
382,410,715,5,Excellent product! Highly recommended.
383,74,754,4,"Very good, minor scratches on the outer box but item is intact."
384,72,367,1,"Horrible experience, completely broken."
385,77,436,5,Top notch quality and excellent customer service.
386,265,127,4,"Very good, minor scratches on the outer box but item is intact."
387,147,97,5,"Exceeded my expectations, works flawlessly."
388,115,861,5,Top notch quality and excellent customer service.
389,140,217,5,"Exceeded my expectations, works flawlessly."
390,257,73,4,"Quite happy with it, though shipping took a bit longer."
391,262,189,5,Top notch quality and excellent customer service.
392,265,325,2,Arrived late and didn't meet expectations.
393,316,272,4,"Item arrived on time, works fine."
394,260,941,5,The quality is amazing for the price.
395,441,247,5,"Perfect, exactly as described."
396,485,76,1,SCAM! DO NOT BUY!
397,137,449,4,"Overall good, would recommend."
398,290,85,4,"Good quality, minor issues with packaging."
399,274,747,4,"Item arrived on time, works fine."
400,100,773,5,Super fast delivery and superb product.
401,24,15,5,"Awesome, will buy again."
402,397,839,4,"Good quality, minor issues with packaging."
403,208,253,5,Excellent product! Highly recommended.
404,291,764,5,Very fast shipping and great quality.
405,181,318,4,"Very good, minor scratches on the outer box but item is intact."
406,354,318,3,"Not bad, but not great either. Just average."
407,42,177,4,"Very good, minor scratches on the outer box but item is intact."
408,99,903,3,"Fair quality, could be improved."
409,251,819,5,The quality is amazing for the price.
410,455,727,3,"Mediocre quality, but acceptable."
411,393,838,5,"Awesome, will buy again."
412,453,895,5,Very satisfied with this purchase.
413,268,816,5,"Perfect, exactly as described."
414,125,250,4,"Overall good, would recommend."
415,301,216,5,"Awesome, will buy again."
416,53,590,3,"Fair quality, could be improved."
417,361,379,4,"Well made product, very useful."
418,45,97,5,Very fast shipping and great quality.
419,100,512,5,Excellent product! Highly recommended.
420,86,610,5,Top notch quality and excellent customer service.
421,393,290,1,"Absolute garbage, doesn't work at all."
422,332,142,4,"Pretty decent, does what it is supposed to."
423,187,843,5,Very fast shipping and great quality.
424,437,525,2,"Defective item, had to return it."
425,150,181,5,"Perfect, exactly as described."
426,119,718,4,"Very good, minor scratches on the outer box but item is intact."
427,399,411,5,Very fast shipping and great quality.
428,143,895,3,"Not bad, but not great either. Just average."
429,28,160,5,The quality is amazing for the price.
430,48,387,5,"Great value for money, absolutely love it!"
431,488,150,3,"Mediocre quality, but acceptable."
432,444,932,5,"Awesome, will buy again."
433,478,27,1,Total waste of money.
434,3,357,5,Top notch quality and excellent customer service.
435,394,400,5,Very fast shipping and great quality.
436,98,449,3,"It does the job, but I expected more features."
437,429,103,4,"Pretty decent, does what it is supposed to."
438,314,353,2,"Bad customer service, item had defects."
439,360,615,5,"Perfect, exactly as described."
440,206,291,5,Top notch quality and excellent customer service.
441,427,87,5,Excellent product! Highly recommended.
442,381,418,5,Super fast delivery and superb product.
443,94,651,5,Top notch quality and excellent customer service.
444,347,494,3,"It does the job, but I expected more features."
445,421,504,3,"Average product, matches the price."
446,41,348,5,Top notch quality and excellent customer service.
447,455,224,5,Super fast delivery and superb product.
448,1,139,5,"Exceeded my expectations, works flawlessly."
449,240,694,1,"Horrible experience, completely broken."
450,180,9,5,The quality is amazing for the price.
451,128,89,5,"Perfect, exactly as described."
452,214,580,5,Very fast shipping and great quality.
453,157,429,3,"It is okay, shipping took too long."
454,89,27,4,"Satisfied with the purchase, is as described."
455,16,666,4,"Overall good, would recommend."
456,465,162,5,Super fast delivery and superb product.
457,221,32,3,"It is okay, shipping took too long."
458,486,305,5,Excellent product! Highly recommended.
459,100,314,5,The quality is amazing for the price.
460,474,702,4,"Quite happy with it, though shipping took a bit longer."
461,3,505,5,Excellent product! Highly recommended.
462,439,334,4,"Very good, minor scratches on the outer box but item is intact."
463,431,35,4,"Very good, minor scratches on the outer box but item is intact."
464,54,45,5,Very satisfied with this purchase.
465,171,245,1,Item was missing parts and broken.
466,455,467,5,Very satisfied with this purchase.
467,356,8,2,"Disappointed, not as expected."
468,439,869,5,Very fast shipping and great quality.
469,325,619,5,Top notch quality and excellent customer service.
470,266,413,4,"Value for money, good product."
471,257,225,3,"Satisfactory, but wouldn't buy it again."
472,180,373,3,"Just normal, nothing special."
473,266,57,3,"It does the job, but I expected more features."
474,429,34,5,Top notch quality and excellent customer service.
475,132,309,5,"Exceeded my expectations, works flawlessly."
476,208,114,5,"Awesome, will buy again."
477,275,595,5,"Great value for money, absolutely love it!"
478,188,469,5,"Great value for money, absolutely love it!"
479,148,900,5,"Perfect, exactly as described."
480,305,28,5,Very fast shipping and great quality.
481,34,369,4,"Quite happy with it, though shipping took a bit longer."
482,193,962,5,Excellent product! Highly recommended.
483,457,120,5,The quality is amazing for the price.
484,337,863,5,The quality is amazing for the price.
485,338,835,1,"Horrible experience, completely broken."
486,74,188,5,Top notch quality and excellent customer service.
487,177,224,3,"It is okay, shipping took too long."
488,477,183,5,The quality is amazing for the price.
489,145,204,5,Super fast delivery and superb product.
490,352,531,5,"Awesome, will buy again."
491,432,840,5,Excellent product! Highly recommended.
492,450,156,5,Very satisfied with this purchase.
493,478,856,5,The quality is amazing for the price.
494,111,706,5,"Awesome, will buy again."
495,216,535,5,Very fast shipping and great quality.
496,221,331,4,"Very good, minor scratches on the outer box but item is intact."
497,213,514,4,"Item arrived on time, works fine."
498,147,972,5,Top notch quality and excellent customer service.
499,250,559,4,"Very good, minor scratches on the outer box but item is intact."
500,334,237,5,Excellent product! Highly recommended.
501,85,86,1,Total waste of money.
502,24,367,1,"Extremely poor quality, broke immediately."
503,12,771,5,Very satisfied with this purchase.
504,312,162,4,"Satisfied with the purchase, is as described."
505,472,655,5,Excellent product! Highly recommended.
506,383,634,5,"Perfect, exactly as described."
507,170,983,3,"Satisfactory, but wouldn't buy it again."
508,328,590,4,"Overall good, would recommend."
509,22,166,5,Super fast delivery and superb product.
510,156,513,4,"Well made product, very useful."
511,430,9,4,"Item arrived on time, works fine."
512,236,221,4,"Very good, minor scratches on the outer box but item is intact."
513,117,665,5,Super fast delivery and superb product.
514,61,641,5,"Great value for money, absolutely love it!"
515,112,576,4,"Well made product, very useful."
516,16,889,1,"Received damaged product, very upset."
517,86,659,3,"Not bad, but not great either. Just average."
518,230,533,4,"Very good, minor scratches on the outer box but item is intact."
519,272,519,5,Very fast shipping and great quality.
520,126,728,5,Excellent product! Highly recommended.
521,218,973,5,Super fast delivery and superb product.
522,194,935,5,Top notch quality and excellent customer service.
523,483,296,5,Top notch quality and excellent customer service.
524,323,508,5,"Exceeded my expectations, works flawlessly."
525,343,88,5,Super fast delivery and superb product.
526,122,187,2,Product feels very cheap and flimsy.
527,399,823,4,"Very good, minor scratches on the outer box but item is intact."
528,417,587,5,Very satisfied with this purchase.
529,129,85,5,"Exceeded my expectations, works flawlessly."
530,35,117,5,Top notch quality and excellent customer service.
531,499,697,5,"Great value for money, absolutely love it!"
532,42,997,4,"Well made product, very useful."
533,469,843,5,Very satisfied with this purchase.
534,455,508,5,"Awesome, will buy again."
535,2,368,5,Very satisfied with this purchase.
536,27,21,3,"Fair quality, could be improved."
537,176,60,5,"Great value for money, absolutely love it!"
538,255,343,3,"Works fine, but material feels a bit cheap."
539,78,502,5,"Awesome, will buy again."
540,491,463,2,"Disappointed with the quality, very flimsy."
541,263,165,4,"Quite happy with it, though shipping took a bit longer."
542,147,476,4,"Good quality, minor issues with packaging."
543,98,76,4,"Satisfied with the purchase, is as described."
544,375,360,5,"Awesome, will buy again."
545,47,48,5,Excellent product! Highly recommended.
546,231,449,2,"Defective item, had to return it."
547,97,781,5,Super fast delivery and superb product.
548,20,60,5,Very fast shipping and great quality.
549,201,39,5,Super fast delivery and superb product.
550,313,442,5,Excellent product! Highly recommended.
551,366,612,4,"Good quality, minor issues with packaging."
552,243,18,3,Decent but could be better.
553,203,519,5,Very fast shipping and great quality.
554,64,177,5,"Exceeded my expectations, works flawlessly."
555,280,126,4,"Very good, minor scratches on the outer box but item is intact."
556,189,643,2,Does not work as described in the manual.
557,448,590,4,"Well made product, very useful."
558,209,589,4,"Value for money, good product."
559,43,589,3,"Satisfactory, but wouldn't buy it again."
560,415,88,4,"Very good, minor scratches on the outer box but item is intact."
561,387,554,4,"Quite happy with it, though shipping took a bit longer."
562,476,794,2,"Disappointed with the quality, very flimsy."
563,93,338,4,"Good quality, minor issues with packaging."
564,185,985,5,"Great value for money, absolutely love it!"
565,18,999,5,Very satisfied with this purchase.
566,343,718,4,"Quite happy with it, though shipping took a bit longer."
567,299,998,4,"Nice product, works well."
568,227,202,5,Top notch quality and excellent customer service.
569,304,316,4,"Very good, minor scratches on the outer box but item is intact."
570,424,868,3,"Mediocre quality, but acceptable."
571,263,109,5,Very fast shipping and great quality.
572,129,177,4,"Quite happy with it, though shipping took a bit longer."
573,337,155,4,"Pretty decent, does what it is supposed to."
574,112,987,5,Super fast delivery and superb product.
575,483,775,2,Stopped working after a few days.
576,305,947,5,"Perfect, exactly as described."
577,281,291,5,"Perfect, exactly as described."
578,428,703,4,"Overall good, would recommend."
579,13,900,4,"Good quality, minor issues with packaging."
580,51,846,5,Very satisfied with this purchase.
581,29,756,5,Excellent product! Highly recommended.
582,27,247,4,"Pretty decent, does what it is supposed to."
583,34,779,4,"Well made product, very useful."
584,153,264,4,"Good quality, minor issues with packaging."
585,329,774,5,"Perfect, exactly as described."
586,402,135,5,Top notch quality and excellent customer service.
587,265,487,5,"Perfect, exactly as described."
588,415,548,5,"Exceeded my expectations, works flawlessly."
589,4,310,5,"Great value for money, absolutely love it!"
590,397,796,5,"Awesome, will buy again."
591,248,806,5,"Great value for money, absolutely love it!"
592,386,150,2,"Defective item, had to return it."
593,46,93,5,"Awesome, will buy again."
594,226,702,5,"Great value for money, absolutely love it!"
595,207,175,5,Top notch quality and excellent customer service.
596,313,429,4,"Satisfied with the purchase, is as described."
597,459,814,4,"Quite happy with it, though shipping took a bit longer."
598,201,603,5,"Awesome, will buy again."
599,274,599,3,"Just normal, nothing special."
600,271,653,5,"Exceeded my expectations, works flawlessly."
601,254,932,5,"Great value for money, absolutely love it!"
602,78,974,5,"Great value for money, absolutely love it!"
603,449,905,5,Excellent product! Highly recommended.
604,33,272,5,Excellent product! Highly recommended.
605,257,717,1,"Received damaged product, very upset."
606,384,8,2,Does not work as described in the manual.
607,146,423,5,The quality is amazing for the price.
608,299,433,5,"Exceeded my expectations, works flawlessly."
609,19,295,2,Product feels very cheap and flimsy.
610,192,166,3,"Fair quality, could be improved."
611,410,896,2,"Bad customer service, item had defects."
612,434,545,5,"Exceeded my expectations, works flawlessly."
613,336,862,1,Item was missing parts and broken.
614,469,992,5,Very satisfied with this purchase.
615,393,112,2,Does not work as described in the manual.
616,239,670,3,"Just normal, nothing special."
617,164,46,5,Very fast shipping and great quality.
618,151,490,5,The quality is amazing for the price.
619,205,510,5,Very fast shipping and great quality.
620,427,677,1,"Extremely poor quality, broke immediately."
621,120,611,4,"Item arrived on time, works fine."
622,445,692,5,Very satisfied with this purchase.
623,467,806,5,Top notch quality and excellent customer service.
624,143,41,4,"Quite happy with it, though shipping took a bit longer."
625,419,154,4,"Satisfied with the purchase, is as described."
626,349,301,5,"Exceeded my expectations, works flawlessly."
627,109,844,5,"Perfect, exactly as described."
628,108,580,5,"Exceeded my expectations, works flawlessly."
629,281,515,5,"Perfect, exactly as described."
630,95,270,5,Very fast shipping and great quality.
631,475,337,5,The quality is amazing for the price.
632,456,419,5,The quality is amazing for the price.
633,363,758,5,"Perfect, exactly as described."
634,315,601,5,Very fast shipping and great quality.
635,124,220,3,"Not bad, but not great either. Just average."
636,225,967,5,"Perfect, exactly as described."
637,321,567,5,Very fast shipping and great quality.
638,121,960,2,"Poor quality, would not recommend."
639,410,384,3,"Fair quality, could be improved."
640,104,839,2,"Disappointed with the quality, very flimsy."
641,441,775,5,"Great value for money, absolutely love it!"
642,146,458,3,"Not bad, but not great either. Just average."
643,230,142,2,"Disappointed, not as expected."
644,261,785,3,"Just normal, nothing special."
645,281,136,5,Very fast shipping and great quality.
646,477,521,5,Top notch quality and excellent customer service.
647,158,846,4,"Quite happy with it, though shipping took a bit longer."
648,21,920,5,Top notch quality and excellent customer service.
649,476,852,5,"Awesome, will buy again."
650,355,17,5,Super fast delivery and superb product.
651,308,856,5,"Perfect, exactly as described."
652,167,976,4,"Quite happy with it, though shipping took a bit longer."
653,187,522,5,Top notch quality and excellent customer service.
654,405,161,5,Super fast delivery and superb product.
655,452,769,4,"Satisfied with the purchase, is as described."
656,117,917,5,Super fast delivery and superb product.
657,71,6,5,Very satisfied with this purchase.
658,188,604,4,"Overall good, would recommend."
659,279,835,4,"Quite happy with it, though shipping took a bit longer."
660,376,483,5,"Great value for money, absolutely love it!"
661,363,907,5,"Exceeded my expectations, works flawlessly."
662,299,130,5,Excellent product! Highly recommended.
663,7,966,5,The quality is amazing for the price.
664,273,327,5,Top notch quality and excellent customer service.
665,110,512,5,"Exceeded my expectations, works flawlessly."
666,425,992,5,The quality is amazing for the price.
667,132,141,5,"Great value for money, absolutely love it!"
668,447,91,5,Super fast delivery and superb product.
669,335,500,4,"Overall good, would recommend."
670,300,951,5,"Awesome, will buy again."
671,96,982,4,"Pretty decent, does what it is supposed to."
672,276,328,5,"Perfect, exactly as described."
673,118,807,5,"Perfect, exactly as described."
674,355,865,5,Excellent product! Highly recommended.
675,123,905,3,"Fair quality, could be improved."
676,383,588,5,"Awesome, will buy again."
677,60,951,2,"Poor quality, would not recommend."
678,57,30,4,"Pretty decent, does what it is supposed to."
679,330,411,5,Very fast shipping and great quality.
680,248,219,5,"Awesome, will buy again."
681,364,635,3,"Average product, matches the price."
682,244,829,5,"Exceeded my expectations, works flawlessly."
683,314,120,5,The quality is amazing for the price.
684,493,642,4,"Very good, minor scratches on the outer box but item is intact."
685,409,959,5,"Awesome, will buy again."
686,253,536,4,"Good quality, minor issues with packaging."
687,490,867,5,"Perfect, exactly as described."
688,481,575,1,"Very unhappy, zero stars if I could."
689,67,147,3,Decent but could be better.
690,120,631,4,"Good quality, minor issues with packaging."
691,105,315,4,"Nice product, works well."
692,494,78,5,Very fast shipping and great quality.
693,421,650,5,"Awesome, will buy again."
694,120,61,5,"Perfect, exactly as described."
695,238,795,3,"Fair quality, could be improved."
696,439,661,5,"Perfect, exactly as described."
697,269,277,5,"Great value for money, absolutely love it!"
698,161,176,5,"Awesome, will buy again."
699,325,269,2,"Not worth the price, unfortunately."
700,285,584,4,"Overall good, would recommend."
701,266,537,5,"Exceeded my expectations, works flawlessly."
702,374,481,5,Super fast delivery and superb product.
703,39,388,5,"Great value for money, absolutely love it!"
704,488,840,4,"Overall good, would recommend."
705,168,515,4,"Item arrived on time, works fine."
706,259,365,5,Top notch quality and excellent customer service.
707,470,133,4,"Good quality, minor issues with packaging."
708,18,692,5,"Exceeded my expectations, works flawlessly."
709,322,14,3,"It is okay, shipping took too long."
710,56,300,5,The quality is amazing for the price.
711,296,90,4,"Item arrived on time, works fine."
712,271,890,1,Item was missing parts and broken.
713,42,862,4,"Satisfied with the purchase, is as described."
714,368,965,2,"Not worth the price, unfortunately."
715,248,234,5,"Great value for money, absolutely love it!"
716,207,767,4,"Item arrived on time, works fine."
717,262,173,3,"It is okay, shipping took too long."
718,425,891,5,"Awesome, will buy again."
719,366,943,4,"Well made product, very useful."
720,246,226,4,"Overall good, would recommend."
721,278,559,5,"Awesome, will buy again."
722,481,185,1,Worst purchase I have ever made.
723,259,381,2,"Disappointed with the quality, very flimsy."
724,187,737,5,Very satisfied with this purchase.
725,271,331,3,"Just normal, nothing special."
726,145,817,5,"Awesome, will buy again."
727,307,564,4,"Satisfied with the purchase, is as described."
728,148,786,3,"Works fine, but material feels a bit cheap."
729,430,113,3,"Works fine, but material feels a bit cheap."
730,370,340,3,Decent but could be better.
731,416,682,4,"Item arrived on time, works fine."
732,109,570,5,Excellent product! Highly recommended.
733,303,186,5,Very fast shipping and great quality.
734,470,371,3,"Fair quality, could be improved."
735,125,144,5,Super fast delivery and superb product.
736,247,515,5,"Awesome, will buy again."
737,41,856,4,"Item arrived on time, works fine."
738,105,138,5,Top notch quality and excellent customer service.
739,376,471,2,"Bad customer service, item had defects."
740,341,974,4,"Good quality, minor issues with packaging."
741,58,690,5,"Perfect, exactly as described."
742,302,445,5,"Perfect, exactly as described."
743,138,886,1,"Received damaged product, very upset."
744,311,289,5,"Perfect, exactly as described."
745,384,140,5,"Perfect, exactly as described."
746,415,355,3,Decent but could be better.
747,148,443,4,"Very good, minor scratches on the outer box but item is intact."
748,82,299,5,Top notch quality and excellent customer service.
749,39,473,2,Arrived late and didn't meet expectations.
750,245,367,5,Super fast delivery and superb product.
751,311,795,5,Excellent product! Highly recommended.
752,412,331,4,"Very good, minor scratches on the outer box but item is intact."
753,10,237,5,The quality is amazing for the price.
754,198,294,4,"Overall good, would recommend."
755,129,535,5,"Exceeded my expectations, works flawlessly."
756,41,783,5,"Awesome, will buy again."
757,441,915,5,"Awesome, will buy again."
758,377,572,5,Very satisfied with this purchase.
759,407,565,5,"Great value for money, absolutely love it!"
760,83,217,5,Super fast delivery and superb product.
761,306,664,4,"Pretty decent, does what it is supposed to."
762,17,616,5,Excellent product! Highly recommended.
763,91,200,3,"Works fine, but material feels a bit cheap."
764,332,485,5,"Awesome, will buy again."
765,92,482,3,"Just normal, nothing special."
766,116,287,4,"Good quality, minor issues with packaging."
767,46,117,5,Top notch quality and excellent customer service.
768,2,101,5,Very fast shipping and great quality.
769,334,672,4,"Very good, minor scratches on the outer box but item is intact."
770,294,573,2,Stopped working after a few days.
771,447,218,5,The quality is amazing for the price.
772,103,718,1,Terrible! Do not buy.
773,476,679,3,"Fair quality, could be improved."
774,167,406,5,Very satisfied with this purchase.
775,216,933,5,Excellent product! Highly recommended.
776,447,444,4,"Item arrived on time, works fine."
777,263,342,5,Top notch quality and excellent customer service.
778,319,475,2,"Defective item, had to return it."
779,147,662,4,"Good quality, minor issues with packaging."
780,355,841,4,"Satisfied with the purchase, is as described."
781,359,38,3,"It does the job, but I expected more features."
782,238,169,5,Excellent product! Highly recommended.
783,181,802,5,The quality is amazing for the price.
784,356,29,1,Total waste of money.
785,309,393,4,"Good quality, minor issues with packaging."
786,268,196,5,"Exceeded my expectations, works flawlessly."
787,451,53,5,"Exceeded my expectations, works flawlessly."
788,477,558,5,"Awesome, will buy again."
789,364,686,5,Excellent product! Highly recommended.
790,121,113,5,"Exceeded my expectations, works flawlessly."
791,381,978,5,Top notch quality and excellent customer service.
792,453,462,4,"Quite happy with it, though shipping took a bit longer."
793,57,798,5,"Great value for money, absolutely love it!"
794,130,409,5,Very satisfied with this purchase.
795,367,658,5,Excellent product! Highly recommended.
796,158,180,3,"It does the job, but I expected more features."
797,83,926,5,Super fast delivery and superb product.
798,392,315,5,Very fast shipping and great quality.
799,423,502,3,"It does the job, but I expected more features."
800,380,931,5,"Perfect, exactly as described."
801,254,833,5,The quality is amazing for the price.
802,182,449,5,"Awesome, will buy again."
803,373,579,5,Very fast shipping and great quality.
804,186,680,4,"Good quality, minor issues with packaging."
805,236,273,2,"Not worth the price, unfortunately."
806,67,435,5,Very fast shipping and great quality.
807,143,393,4,"Very good, minor scratches on the outer box but item is intact."
808,295,488,5,"Awesome, will buy again."
809,74,289,4,"Item arrived on time, works fine."
810,166,914,5,"Exceeded my expectations, works flawlessly."
811,193,544,5,The quality is amazing for the price.
812,20,175,5,"Perfect, exactly as described."
813,286,194,3,"Fair quality, could be improved."
814,55,291,2,"Not worth the price, unfortunately."
815,34,863,5,Very fast shipping and great quality.
816,189,940,5,"Great value for money, absolutely love it!"
817,241,295,3,"Fair quality, could be improved."
818,26,700,5,"Great value for money, absolutely love it!"
819,237,746,5,The quality is amazing for the price.
820,303,888,4,"Well made product, very useful."
821,63,863,5,Super fast delivery and superb product.
822,166,180,5,Excellent product! Highly recommended.
823,374,799,4,"Satisfied with the purchase, is as described."
824,301,270,5,Very fast shipping and great quality.
825,466,599,5,"Awesome, will buy again."
826,316,187,5,The quality is amazing for the price.
827,224,148,5,"Perfect, exactly as described."
828,379,492,5,"Great value for money, absolutely love it!"
829,272,602,4,"Good quality, minor issues with packaging."
830,478,713,5,Very fast shipping and great quality.
831,352,745,5,"Perfect, exactly as described."
832,89,456,4,"Good quality, minor issues with packaging."
833,254,470,5,Top notch quality and excellent customer service.
834,389,587,3,"Average product, matches the price."
835,225,389,3,"Not bad, but not great either. Just average."
836,428,487,4,"Item arrived on time, works fine."
837,427,139,5,"Awesome, will buy again."
838,3,729,2,"Poor quality, would not recommend."
839,423,39,5,Very fast shipping and great quality.
840,116,464,5,The quality is amazing for the price.
841,491,329,5,Top notch quality and excellent customer service.
842,220,739,4,"Quite happy with it, though shipping took a bit longer."
843,358,812,3,Decent but could be better.
844,458,263,5,"Exceeded my expectations, works flawlessly."
845,300,71,5,"Perfect, exactly as described."
846,360,634,5,Very satisfied with this purchase.
847,51,407,5,Very satisfied with this purchase.
848,84,492,5,The quality is amazing for the price.
849,174,700,5,Very satisfied with this purchase.
850,469,572,5,"Perfect, exactly as described."
851,347,634,4,"Quite happy with it, though shipping took a bit longer."
852,54,89,3,"Just normal, nothing special."
853,275,307,5,The quality is amazing for the price.
854,385,96,5,"Perfect, exactly as described."
855,57,983,4,"Pretty decent, does what it is supposed to."
856,388,739,5,Super fast delivery and superb product.
857,403,408,5,"Awesome, will buy again."
858,468,409,4,"Good quality, minor issues with packaging."
859,366,387,5,Excellent product! Highly recommended.
860,263,265,3,"Fair quality, could be improved."
861,361,193,5,"Exceeded my expectations, works flawlessly."
862,111,366,4,"Overall good, would recommend."
863,476,664,5,Very fast shipping and great quality.
864,194,73,5,"Awesome, will buy again."
865,7,947,5,Excellent product! Highly recommended.
866,270,711,5,The quality is amazing for the price.
867,242,244,5,Excellent product! Highly recommended.
868,230,817,1,Terrible! Do not buy.
869,404,513,4,"Item arrived on time, works fine."
870,441,282,5,Super fast delivery and superb product.
871,119,899,5,"Exceeded my expectations, works flawlessly."
872,493,337,5,Very fast shipping and great quality.
873,132,699,5,Super fast delivery and superb product.
874,471,195,4,"Very good, minor scratches on the outer box but item is intact."
875,54,822,4,"Overall good, would recommend."
876,336,870,5,"Perfect, exactly as described."
877,78,841,4,"Item arrived on time, works fine."
878,497,195,4,"Good quality, minor issues with packaging."
879,247,631,5,"Exceeded my expectations, works flawlessly."
880,456,913,5,"Awesome, will buy again."
881,178,586,2,"Disappointed with the quality, very flimsy."
882,221,992,4,"Nice product, works well."
883,229,465,5,"Perfect, exactly as described."
884,92,559,5,Very fast shipping and great quality.
885,6,710,4,"Pretty decent, does what it is supposed to."
886,500,539,4,"Nice product, works well."
887,167,536,5,"Awesome, will buy again."
888,125,211,5,The quality is amazing for the price.
889,18,12,4,"Satisfied with the purchase, is as described."
890,441,920,5,Top notch quality and excellent customer service.
891,265,794,4,"Item arrived on time, works fine."
892,210,7,5,"Awesome, will buy again."
893,500,888,4,"Satisfied with the purchase, is as described."
894,489,647,5,Very satisfied with this purchase.
895,315,744,4,"Pretty decent, does what it is supposed to."
896,238,320,5,"Perfect, exactly as described."
897,211,988,4,"Value for money, good product."
898,153,720,4,"Quite happy with it, though shipping took a bit longer."
899,478,517,4,"Good quality, minor issues with packaging."
900,44,384,4,"Item arrived on time, works fine."
901,260,33,5,Top notch quality and excellent customer service.
902,315,795,5,Very satisfied with this purchase.
903,355,465,4,"Good quality, minor issues with packaging."
904,375,837,3,"Satisfactory, but wouldn't buy it again."
905,442,722,5,"Exceeded my expectations, works flawlessly."
906,433,254,4,"Nice product, works well."
907,462,43,5,"Perfect, exactly as described."
908,160,535,5,"Perfect, exactly as described."
909,71,637,5,Top notch quality and excellent customer service.
910,22,880,4,"Very good, minor scratches on the outer box but item is intact."
911,307,513,5,Super fast delivery and superb product.
912,317,288,5,Very fast shipping and great quality.
913,71,303,5,Top notch quality and excellent customer service.
914,438,971,3,Decent but could be better.
915,171,92,5,Very satisfied with this purchase.
916,220,373,4,"Well made product, very useful."
917,178,763,4,"Satisfied with the purchase, is as described."
918,493,376,5,Very satisfied with this purchase.
919,247,812,2,"Defective item, had to return it."
920,100,778,5,Very satisfied with this purchase.
921,360,494,1,"Received damaged product, very upset."
922,257,291,4,"Nice product, works well."
923,330,309,4,"Very good, minor scratches on the outer box but item is intact."
924,332,297,5,Very fast shipping and great quality.
925,392,122,4,"Satisfied with the purchase, is as described."
926,298,574,5,"Awesome, will buy again."
927,82,277,5,"Great value for money, absolutely love it!"
928,466,187,5,Very satisfied with this purchase.
929,190,181,5,Super fast delivery and superb product.
930,164,898,3,"Satisfactory, but wouldn't buy it again."
931,343,491,3,"Fair quality, could be improved."
932,394,248,1,"Horrible experience, completely broken."
933,61,157,2,"Bad customer service, item had defects."
934,492,137,5,The quality is amazing for the price.
935,232,269,5,Very fast shipping and great quality.
936,313,586,5,Super fast delivery and superb product.
937,153,154,4,"Overall good, would recommend."
938,278,735,5,Very satisfied with this purchase.
939,440,54,3,Decent but could be better.
940,301,399,5,Excellent product! Highly recommended.
941,7,391,1,SCAM! DO NOT BUY!
942,443,759,2,"Poor quality, would not recommend."
943,254,786,2,"Poor quality, would not recommend."
944,284,148,5,Excellent product! Highly recommended.
945,234,422,4,"Well made product, very useful."
946,323,154,4,"Good quality, minor issues with packaging."
947,1,287,5,Very fast shipping and great quality.
948,117,814,2,"Disappointed, not as expected."
949,223,463,4,"Nice product, works well."
950,111,515,3,"Satisfactory, but wouldn't buy it again."
951,74,713,5,Super fast delivery and superb product.
952,362,330,4,"Pretty decent, does what it is supposed to."
953,372,349,5,"Exceeded my expectations, works flawlessly."
954,386,55,5,Very satisfied with this purchase.
955,355,441,5,Very satisfied with this purchase.
956,244,716,3,"Average product, matches the price."
957,206,156,3,"Mediocre quality, but acceptable."
958,29,673,5,"Perfect, exactly as described."
959,401,131,5,Super fast delivery and superb product.
960,37,454,5,Top notch quality and excellent customer service.
961,118,994,2,"Disappointed with the quality, very flimsy."
962,181,274,4,"Overall good, would recommend."
963,279,19,4,"Very good, minor scratches on the outer box but item is intact."
964,8,623,5,Very fast shipping and great quality.
965,185,50,5,Excellent product! Highly recommended.
966,192,206,4,"Nice product, works well."
967,186,427,4,"Very good, minor scratches on the outer box but item is intact."
968,304,811,1,"Extremely poor quality, broke immediately."
969,432,887,5,"Perfect, exactly as described."
970,164,690,5,"Awesome, will buy again."
971,393,708,5,Very fast shipping and great quality.
972,62,275,4,"Well made product, very useful."
973,283,251,4,"Item arrived on time, works fine."
974,493,450,4,"Item arrived on time, works fine."
975,410,846,5,"Awesome, will buy again."
976,160,258,5,"Exceeded my expectations, works flawlessly."
977,251,483,5,The quality is amazing for the price.
978,81,977,1,Terrible! Do not buy.
979,132,469,5,The quality is amazing for the price.
980,241,95,3,"Not bad, but not great either. Just average."
981,39,910,3,"It does the job, but I expected more features."
982,74,360,1,"Horrible experience, completely broken."
983,175,793,5,Super fast delivery and superb product.
984,474,305,5,Top notch quality and excellent customer service.
985,180,170,5,The quality is amazing for the price.
986,60,407,5,Super fast delivery and superb product.
987,361,402,3,"Not bad, but not great either. Just average."
988,304,396,5,"Great value for money, absolutely love it!"
989,284,362,5,"Great value for money, absolutely love it!"
990,250,474,5,"Perfect, exactly as described."
991,367,614,5,Top notch quality and excellent customer service.
992,267,307,5,"Exceeded my expectations, works flawlessly."
993,25,816,5,Very satisfied with this purchase.
994,388,284,3,"Mediocre quality, but acceptable."
995,417,832,1,"Extremely poor quality, broke immediately."
996,258,655,4,"Good quality, minor issues with packaging."
997,343,107,4,"Well made product, very useful."
998,231,671,5,"Exceeded my expectations, works flawlessly."
999,300,199,5,Very fast shipping and great quality.
1000,402,213,4,"Item arrived on time, works fine."
1001,29,445,2,"Disappointed with the quality, very flimsy."
1002,436,244,4,"Satisfied with the purchase, is as described."
1003,358,976,4,"Nice product, works well."
1004,81,84,3,"Not bad, but not great either. Just average."
1005,366,380,4,"Overall good, would recommend."
1006,254,967,5,"Awesome, will buy again."
1007,71,785,2,"Disappointed with the quality, very flimsy."
1008,270,44,5,"Awesome, will buy again."
1009,106,970,4,"Item arrived on time, works fine."
1010,311,914,5,Very fast shipping and great quality.
1011,254,226,4,"Value for money, good product."
1012,238,187,5,The quality is amazing for the price.
1013,264,315,4,"Satisfied with the purchase, is as described."
1014,91,443,5,Very fast shipping and great quality.
1015,179,617,5,Very fast shipping and great quality.
1016,241,298,4,"Value for money, good product."
1017,274,466,5,"Awesome, will buy again."
1018,57,40,5,Top notch quality and excellent customer service.
1019,249,602,5,"Perfect, exactly as described."
1020,294,221,5,"Awesome, will buy again."
1021,284,176,5,Excellent product! Highly recommended.
1022,458,551,3,"Works fine, but material feels a bit cheap."
1023,253,202,4,"Pretty decent, does what it is supposed to."
1024,233,816,4,"Item arrived on time, works fine."
1025,408,506,2,"Disappointed with the quality, very flimsy."
1026,142,291,4,"Very good, minor scratches on the outer box but item is intact."
1027,329,319,3,"Average product, matches the price."
1028,44,181,1,Total waste of money.
1029,168,661,5,Very satisfied with this purchase.
1030,62,849,5,"Exceeded my expectations, works flawlessly."
1031,379,221,5,"Great value for money, absolutely love it!"
1032,238,387,2,"Defective item, had to return it."
1033,210,433,1,"Extremely poor quality, broke immediately."
1034,157,569,3,"Not bad, but not great either. Just average."
1035,5,846,4,"Very good, minor scratches on the outer box but item is intact."
1036,108,89,2,Does not work as described in the manual.
1037,408,335,2,"Disappointed with the quality, very flimsy."
1038,176,569,3,"It does the job, but I expected more features."
1039,46,734,2,"Not worth the price, unfortunately."
1040,365,280,5,Very satisfied with this purchase.
1041,326,120,4,"Pretty decent, does what it is supposed to."
1042,214,924,2,Stopped working after a few days.
1043,436,395,3,"Mediocre quality, but acceptable."
1044,389,832,5,"Awesome, will buy again."
1045,117,323,5,The quality is amazing for the price.
1046,156,792,5,"Great value for money, absolutely love it!"
1047,369,29,4,"Overall good, would recommend."
1048,350,857,5,Very satisfied with this purchase.
1049,471,386,4,"Pretty decent, does what it is supposed to."
1050,18,206,4,"Nice product, works well."
1051,393,928,5,Very fast shipping and great quality.
1052,300,411,5,Very fast shipping and great quality.
1053,78,353,4,"Good quality, minor issues with packaging."
1054,443,251,5,Very satisfied with this purchase.
1055,366,531,5,Top notch quality and excellent customer service.
1056,362,504,5,"Awesome, will buy again."
1057,451,268,4,"Quite happy with it, though shipping took a bit longer."
1058,39,636,4,"Nice product, works well."
1059,66,419,5,Very satisfied with this purchase.
1060,450,565,1,"Very unhappy, zero stars if I could."
1061,490,908,5,Very satisfied with this purchase.
1062,343,582,5,Top notch quality and excellent customer service.
1063,210,288,4,"Quite happy with it, though shipping took a bit longer."
1064,277,25,5,"Perfect, exactly as described."
1065,32,533,4,"Good quality, minor issues with packaging."
1066,421,444,1,Total waste of money.
1067,168,555,5,Very satisfied with this purchase.
1068,245,829,5,Very fast shipping and great quality.
1069,369,359,4,"Very good, minor scratches on the outer box but item is intact."
1070,30,475,4,"Overall good, would recommend."
1071,38,739,3,"Mediocre quality, but acceptable."
1072,245,538,5,"Exceeded my expectations, works flawlessly."
1073,217,495,5,"Exceeded my expectations, works flawlessly."
1074,330,433,4,"Value for money, good product."
1075,314,931,5,Very satisfied with this purchase.
1076,246,24,5,Very fast shipping and great quality.
1077,134,241,3,"Fair quality, could be improved."
1078,19,531,4,"Pretty decent, does what it is supposed to."
1079,458,313,5,Top notch quality and excellent customer service.
1080,93,387,5,Super fast delivery and superb product.
1081,195,612,5,"Great value for money, absolutely love it!"
1082,294,148,5,The quality is amazing for the price.
1083,415,733,4,"Pretty decent, does what it is supposed to."
1084,48,217,5,Very satisfied with this purchase.
1085,432,522,5,"Great value for money, absolutely love it!"
1086,6,721,5,Top notch quality and excellent customer service.
1087,387,196,1,"Absolute garbage, doesn't work at all."
1088,355,319,3,"Just normal, nothing special."
1089,194,146,4,"Nice product, works well."
1090,155,498,4,"Very good, minor scratches on the outer box but item is intact."
1091,266,872,3,"Not bad, but not great either. Just average."
1092,435,283,5,The quality is amazing for the price.
1093,31,363,4,"Good quality, minor issues with packaging."
1094,200,212,3,"Satisfactory, but wouldn't buy it again."
1095,182,574,5,Very satisfied with this purchase.
1096,106,267,5,Very satisfied with this purchase.
1097,162,351,5,Super fast delivery and superb product.
1098,17,10,3,"Not bad, but not great either. Just average."
1099,277,386,5,"Perfect, exactly as described."
1100,126,315,5,Super fast delivery and superb product.
1101,478,73,2,Stopped working after a few days.
1102,256,315,4,"Overall good, would recommend."
1103,200,107,4,"Satisfied with the purchase, is as described."
1104,27,116,5,"Great value for money, absolutely love it!"
1105,57,861,5,The quality is amazing for the price.
1106,123,525,5,Excellent product! Highly recommended.
1107,481,342,5,Super fast delivery and superb product.
1108,353,144,5,Very satisfied with this purchase.
1109,92,178,5,"Great value for money, absolutely love it!"
1110,427,440,4,"Item arrived on time, works fine."
1111,122,217,3,"Satisfactory, but wouldn't buy it again."
1112,43,451,5,"Awesome, will buy again."
1113,197,550,5,Top notch quality and excellent customer service.
1114,459,414,5,Very fast shipping and great quality.
1115,181,31,3,"It does the job, but I expected more features."
1116,475,668,5,Excellent product! Highly recommended.
1117,496,702,3,"Satisfactory, but wouldn't buy it again."
1118,296,231,2,"Disappointed, not as expected."
1119,119,819,1,"Absolute garbage, doesn't work at all."
1120,311,42,4,"Very good, minor scratches on the outer box but item is intact."
1121,284,80,4,"Satisfied with the purchase, is as described."
1122,77,977,5,"Great value for money, absolutely love it!"
1123,472,698,4,"Good quality, minor issues with packaging."
1124,485,411,5,"Great value for money, absolutely love it!"
1125,23,967,4,"Overall good, would recommend."
1126,472,118,3,"Average product, matches the price."
1127,258,449,5,"Exceeded my expectations, works flawlessly."
1128,158,774,2,Does not work as described in the manual.
1129,126,914,1,"Horrible experience, completely broken."
1130,329,862,5,"Exceeded my expectations, works flawlessly."
1131,418,584,5,The quality is amazing for the price.
1132,192,368,5,The quality is amazing for the price.
1133,426,321,5,The quality is amazing for the price.
1134,367,356,5,Very fast shipping and great quality.
1135,288,825,3,"Just normal, nothing special."
1136,402,988,5,Super fast delivery and superb product.
1137,222,524,5,Very fast shipping and great quality.
1138,176,677,4,"Quite happy with it, though shipping took a bit longer."
1139,23,561,3,"Average product, matches the price."
1140,334,620,5,Very fast shipping and great quality.
1141,370,34,4,"Quite happy with it, though shipping took a bit longer."
1142,392,707,4,"Quite happy with it, though shipping took a bit longer."
1143,400,329,5,"Exceeded my expectations, works flawlessly."
1144,415,429,4,"Very good, minor scratches on the outer box but item is intact."
1145,495,547,5,"Exceeded my expectations, works flawlessly."
1146,262,353,5,Very satisfied with this purchase.
1147,133,105,5,Top notch quality and excellent customer service.
1148,261,408,5,Excellent product! Highly recommended.
1149,465,291,5,"Awesome, will buy again."
1150,324,72,5,The quality is amazing for the price.
1151,331,154,5,Very fast shipping and great quality.
1152,410,860,5,The quality is amazing for the price.
1153,62,882,5,Very fast shipping and great quality.
1154,314,823,4,"Satisfied with the purchase, is as described."
1155,116,567,5,Super fast delivery and superb product.
1156,126,504,5,Excellent product! Highly recommended.
1157,296,292,1,Item was missing parts and broken.
1158,299,15,5,Super fast delivery and superb product.
1159,399,334,5,"Perfect, exactly as described."
1160,171,597,5,"Perfect, exactly as described."
1161,122,610,5,"Perfect, exactly as described."
1162,424,229,4,"Good quality, minor issues with packaging."
1163,201,888,4,"Satisfied with the purchase, is as described."
1164,187,72,5,Very fast shipping and great quality.
1165,437,763,4,"Nice product, works well."
1166,325,713,5,"Awesome, will buy again."
1167,429,402,5,The quality is amazing for the price.
1168,231,453,5,Top notch quality and excellent customer service.
1169,126,274,5,"Perfect, exactly as described."
1170,417,925,4,"Overall good, would recommend."
1171,226,431,5,Excellent product! Highly recommended.
1172,41,472,4,"Pretty decent, does what it is supposed to."
1173,248,805,5,Very fast shipping and great quality.
1174,238,216,1,"Absolute garbage, doesn't work at all."
1175,305,557,5,Very fast shipping and great quality.
1176,334,758,5,"Awesome, will buy again."
1177,295,815,5,Top notch quality and excellent customer service.
1178,255,617,4,"Satisfied with the purchase, is as described."
1179,101,312,5,Excellent product! Highly recommended.
1180,346,825,4,"Value for money, good product."
1181,408,474,5,Top notch quality and excellent customer service.
1182,18,519,2,"Bad customer service, item had defects."
1183,378,638,3,"Average product, matches the price."
1184,393,681,3,"Works fine, but material feels a bit cheap."
1185,432,589,1,Total waste of money.
1186,142,965,3,"Fair quality, could be improved."
1187,310,800,5,"Exceeded my expectations, works flawlessly."
1188,128,679,1,SCAM! DO NOT BUY!
1189,68,989,5,"Awesome, will buy again."
1190,329,813,2,"Not worth the price, unfortunately."
1191,488,98,1,Worst purchase I have ever made.
1192,272,884,5,Very fast shipping and great quality.
1193,339,195,3,Decent but could be better.
1194,335,898,5,"Perfect, exactly as described."
1195,312,942,4,"Overall good, would recommend."
1196,295,726,5,Very satisfied with this purchase.
1197,36,978,4,"Nice product, works well."
1198,432,344,4,"Very good, minor scratches on the outer box but item is intact."
1199,88,235,2,"Disappointed, not as expected."
1200,477,35,5,Excellent product! Highly recommended.
1201,335,971,4,"Overall good, would recommend."
1202,252,288,5,"Perfect, exactly as described."
1203,288,581,1,"Extremely poor quality, broke immediately."
1204,310,743,5,"Exceeded my expectations, works flawlessly."
1205,143,910,5,"Exceeded my expectations, works flawlessly."
1206,313,27,5,Very satisfied with this purchase.
1207,164,609,3,"Fair quality, could be improved."
1208,135,801,4,"Item arrived on time, works fine."
1209,346,110,5,Top notch quality and excellent customer service.
1210,289,369,5,The quality is amazing for the price.
1211,247,367,4,"Satisfied with the purchase, is as described."
1212,158,163,5,Excellent product! Highly recommended.
1213,271,74,5,"Great value for money, absolutely love it!"
1214,246,618,5,The quality is amazing for the price.
1215,401,868,1,SCAM! DO NOT BUY!
1216,183,430,5,Very satisfied with this purchase.
1217,362,268,2,"Disappointed with the quality, very flimsy."
1218,32,226,2,"Disappointed with the quality, very flimsy."
1219,238,923,5,Top notch quality and excellent customer service.
1220,29,436,5,The quality is amazing for the price.
1221,370,935,5,"Perfect, exactly as described."
1222,298,50,4,"Well made product, very useful."
1223,206,591,2,"Disappointed, not as expected."
1224,342,31,4,"Pretty decent, does what it is supposed to."
1225,305,121,1,"Extremely poor quality, broke immediately."
1226,225,466,4,"Item arrived on time, works fine."
1227,261,215,4,"Good quality, minor issues with packaging."
1228,472,288,4,"Overall good, would recommend."
1229,369,19,5,Excellent product! Highly recommended.
1230,294,604,3,"Mediocre quality, but acceptable."
1231,456,694,3,"Satisfactory, but wouldn't buy it again."
1232,124,867,4,"Nice product, works well."
1233,310,249,1,"Horrible experience, completely broken."
1234,183,90,5,Very fast shipping and great quality.
1235,170,206,5,The quality is amazing for the price.
1236,261,110,4,"Well made product, very useful."
1237,125,442,5,Very satisfied with this purchase.
1238,133,632,5,"Great value for money, absolutely love it!"
1239,97,632,5,Very satisfied with this purchase.
1240,218,786,4,"Nice product, works well."
1241,107,37,5,"Exceeded my expectations, works flawlessly."
1242,405,797,4,"Satisfied with the purchase, is as described."
1243,229,595,3,"Average product, matches the price."
1244,25,737,4,"Well made product, very useful."
1245,196,205,3,"Fair quality, could be improved."
1246,137,76,5,Very fast shipping and great quality.
1247,227,806,5,Top notch quality and excellent customer service.
1248,481,78,5,Super fast delivery and superb product.
1249,79,499,5,Very satisfied with this purchase.
1250,21,416,5,Super fast delivery and superb product.
1251,232,899,5,Top notch quality and excellent customer service.
1252,294,34,4,"Value for money, good product."
1253,327,430,4,"Good quality, minor issues with packaging."
1254,251,492,4,"Overall good, would recommend."
1255,408,442,5,Very fast shipping and great quality.
1256,424,147,5,"Awesome, will buy again."
1257,140,345,5,Top notch quality and excellent customer service.
1258,159,448,4,"Overall good, would recommend."
1259,18,255,5,Very satisfied with this purchase.
1260,393,696,3,Decent but could be better.
1261,30,713,1,Total waste of money.
1262,249,353,5,"Awesome, will buy again."
1263,281,632,3,"It does the job, but I expected more features."
1264,197,720,4,"Nice product, works well."
1265,411,881,5,"Exceeded my expectations, works flawlessly."
1266,235,424,5,"Great value for money, absolutely love it!"
1267,181,703,4,"Very good, minor scratches on the outer box but item is intact."
1268,333,897,3,"Not bad, but not great either. Just average."
1269,496,420,5,Top notch quality and excellent customer service.
1270,99,460,5,Very fast shipping and great quality.
1271,285,264,3,"Just normal, nothing special."
1272,292,21,4,"Satisfied with the purchase, is as described."
1273,68,54,5,Very satisfied with this purchase.
1274,82,106,4,"Overall good, would recommend."
1275,405,239,5,Top notch quality and excellent customer service.
1276,298,136,2,"Not worth the price, unfortunately."
1277,454,496,5,The quality is amazing for the price.
1278,313,337,5,"Perfect, exactly as described."
1279,17,449,3,"Just normal, nothing special."
1280,442,141,5,"Exceeded my expectations, works flawlessly."
1281,137,534,3,"Satisfactory, but wouldn't buy it again."
1282,248,795,5,"Perfect, exactly as described."
1283,392,557,5,Very fast shipping and great quality.
1284,151,967,5,Top notch quality and excellent customer service.
1285,153,925,3,"Not bad, but not great either. Just average."
1286,390,582,5,"Perfect, exactly as described."
1287,7,55,4,"Value for money, good product."
1288,499,891,5,Super fast delivery and superb product.
1289,235,862,4,"Well made product, very useful."
1290,237,305,5,"Perfect, exactly as described."
1291,49,640,4,"Satisfied with the purchase, is as described."
1292,8,819,5,"Great value for money, absolutely love it!"
1293,119,769,4,"Value for money, good product."
1294,164,91,5,The quality is amazing for the price.
1295,273,421,5,Super fast delivery and superb product.
1296,148,342,5,Excellent product! Highly recommended.
1297,430,376,5,Very satisfied with this purchase.
1298,67,398,2,Does not work as described in the manual.
1299,351,155,5,"Exceeded my expectations, works flawlessly."
1300,164,340,4,"Well made product, very useful."
1301,120,561,5,"Awesome, will buy again."
1302,86,745,4,"Pretty decent, does what it is supposed to."
1303,184,259,5,"Perfect, exactly as described."
1304,368,935,5,"Exceeded my expectations, works flawlessly."
1305,67,239,4,"Pretty decent, does what it is supposed to."
1306,329,852,5,Super fast delivery and superb product.
1307,314,327,5,"Perfect, exactly as described."
1308,15,652,4,"Well made product, very useful."
1309,102,70,5,"Perfect, exactly as described."
1310,168,61,5,Very fast shipping and great quality.
1311,411,641,5,The quality is amazing for the price.
1312,103,375,3,"It is okay, shipping took too long."
1313,78,257,5,Top notch quality and excellent customer service.
1314,143,856,5,"Perfect, exactly as described."
1315,370,188,5,"Awesome, will buy again."
1316,52,461,3,"Fair quality, could be improved."
1317,222,217,5,"Perfect, exactly as described."
1318,481,772,4,"Quite happy with it, though shipping took a bit longer."
1319,303,497,5,Top notch quality and excellent customer service.
1320,66,867,3,"Fair quality, could be improved."
1321,335,147,5,Top notch quality and excellent customer service.
1322,203,737,3,"Works fine, but material feels a bit cheap."
1323,276,32,5,Top notch quality and excellent customer service.
1324,407,173,5,Very satisfied with this purchase.
1325,354,391,5,"Perfect, exactly as described."
1326,248,597,4,"Pretty decent, does what it is supposed to."
1327,49,57,2,"Not worth the price, unfortunately."
1328,347,810,5,Super fast delivery and superb product.
1329,42,865,5,The quality is amazing for the price.
1330,444,103,3,"Fair quality, could be improved."
1331,226,206,4,"Satisfied with the purchase, is as described."
1332,456,75,4,"Pretty decent, does what it is supposed to."
1333,71,997,5,Excellent product! Highly recommended.
1334,202,468,5,Super fast delivery and superb product.
1335,13,758,4,"Good quality, minor issues with packaging."
1336,335,747,5,Excellent product! Highly recommended.
1337,173,787,3,"Mediocre quality, but acceptable."
1338,246,182,5,Top notch quality and excellent customer service.
1339,283,896,4,"Value for money, good product."
1340,6,920,5,"Exceeded my expectations, works flawlessly."
1341,463,308,4,"Value for money, good product."
1342,365,428,5,Top notch quality and excellent customer service.
1343,100,866,3,"It does the job, but I expected more features."
1344,374,401,4,"Quite happy with it, though shipping took a bit longer."
1345,475,472,3,"Average product, matches the price."
1346,239,290,4,"Well made product, very useful."
1347,162,317,4,"Well made product, very useful."
1348,377,65,1,"Very unhappy, zero stars if I could."
1349,313,222,5,The quality is amazing for the price.
1350,119,825,4,"Good quality, minor issues with packaging."
1351,315,190,1,SCAM! DO NOT BUY!
1352,217,224,5,"Awesome, will buy again."
1353,452,606,3,"Mediocre quality, but acceptable."
1354,456,427,1,Worst purchase I have ever made.
1355,218,211,1,Terrible! Do not buy.
1356,156,593,5,Very fast shipping and great quality.
1357,453,582,5,Excellent product! Highly recommended.
1358,443,589,3,"Works fine, but material feels a bit cheap."
1359,208,40,5,Very satisfied with this purchase.
1360,116,462,4,"Item arrived on time, works fine."
1361,137,7,4,"Nice product, works well."
1362,286,552,4,"Pretty decent, does what it is supposed to."
1363,85,13,4,"Nice product, works well."
1364,342,169,2,"Disappointed with the quality, very flimsy."
1365,311,860,2,"Bad customer service, item had defects."
1366,291,841,4,"Well made product, very useful."
1367,305,781,5,"Perfect, exactly as described."
1368,4,557,4,"Good quality, minor issues with packaging."
1369,10,934,3,"Not bad, but not great either. Just average."
1370,17,365,3,"Satisfactory, but wouldn't buy it again."
1371,474,821,5,Top notch quality and excellent customer service.
1372,69,738,4,"Pretty decent, does what it is supposed to."
1373,65,206,3,"Fair quality, could be improved."
1374,175,849,4,"Well made product, very useful."
1375,480,432,5,Very satisfied with this purchase.
1376,378,190,3,"Fair quality, could be improved."
1377,455,159,4,"Well made product, very useful."
1378,71,638,5,Excellent product! Highly recommended.
1379,380,771,5,Excellent product! Highly recommended.
1380,145,742,3,"Not bad, but not great either. Just average."
1381,135,863,4,"Satisfied with the purchase, is as described."
1382,460,643,5,Excellent product! Highly recommended.
1383,123,257,4,"Very good, minor scratches on the outer box but item is intact."
1384,245,85,5,The quality is amazing for the price.
1385,478,811,4,"Satisfied with the purchase, is as described."
1386,37,171,5,Super fast delivery and superb product.
1387,67,564,5,Very satisfied with this purchase.
1388,269,996,5,Excellent product! Highly recommended.
1389,16,723,4,"Overall good, would recommend."
1390,219,526,1,"Very unhappy, zero stars if I could."
1391,487,670,5,Top notch quality and excellent customer service.
1392,335,392,5,Top notch quality and excellent customer service.
1393,413,889,5,Super fast delivery and superb product.
1394,184,980,5,Very fast shipping and great quality.
1395,227,411,4,"Well made product, very useful."
1396,91,787,4,"Well made product, very useful."
1397,387,521,5,Top notch quality and excellent customer service.
1398,433,269,5,"Exceeded my expectations, works flawlessly."
1399,371,189,5,Excellent product! Highly recommended.
1400,420,657,4,"Satisfied with the purchase, is as described."
1401,286,436,5,"Great value for money, absolutely love it!"
1402,173,148,5,"Perfect, exactly as described."
1403,94,843,4,"Very good, minor scratches on the outer box but item is intact."
1404,62,732,5,The quality is amazing for the price.
1405,408,511,5,"Perfect, exactly as described."
1406,289,970,4,"Nice product, works well."
1407,208,982,3,"Not bad, but not great either. Just average."
1408,324,466,3,"Average product, matches the price."
1409,268,3,5,The quality is amazing for the price.
1410,5,120,5,"Exceeded my expectations, works flawlessly."
1411,252,570,5,"Perfect, exactly as described."
1412,474,290,5,"Great value for money, absolutely love it!"
1413,215,433,3,"Just normal, nothing special."
1414,209,765,4,"Item arrived on time, works fine."
1415,244,69,1,"Received damaged product, very upset."
1416,477,22,4,"Quite happy with it, though shipping took a bit longer."
1417,428,988,5,"Great value for money, absolutely love it!"
1418,477,454,4,"Nice product, works well."
1419,418,919,4,"Pretty decent, does what it is supposed to."
1420,375,315,5,Super fast delivery and superb product.
1421,9,426,5,Very fast shipping and great quality.
1422,498,564,5,Excellent product! Highly recommended.
1423,53,230,5,Excellent product! Highly recommended.
1424,91,460,5,"Awesome, will buy again."
1425,43,984,2,Does not work as described in the manual.
1426,95,936,4,"Well made product, very useful."
1427,250,220,3,"Satisfactory, but wouldn't buy it again."
1428,97,637,5,Top notch quality and excellent customer service.
1429,148,49,5,"Exceeded my expectations, works flawlessly."
1430,488,154,4,"Satisfied with the purchase, is as described."
1431,276,96,3,"Just normal, nothing special."
1432,437,484,2,"Disappointed, not as expected."
1433,384,170,5,Super fast delivery and superb product.
1434,343,832,5,"Perfect, exactly as described."
1435,203,533,5,Very satisfied with this purchase.
1436,418,507,5,Very fast shipping and great quality.
1437,93,868,1,Terrible! Do not buy.
1438,60,202,5,Top notch quality and excellent customer service.
1439,300,106,5,"Awesome, will buy again."
1440,407,857,5,"Exceeded my expectations, works flawlessly."
1441,76,15,1,"Very unhappy, zero stars if I could."
1442,62,203,5,Top notch quality and excellent customer service.
1443,122,639,3,"It is okay, shipping took too long."
1444,263,135,5,"Awesome, will buy again."
1445,433,120,5,Top notch quality and excellent customer service.
1446,24,747,5,"Perfect, exactly as described."
1447,330,120,4,"Value for money, good product."
1448,2,951,5,Very satisfied with this purchase.
1449,88,62,3,"It does the job, but I expected more features."
1450,309,1000,4,"Value for money, good product."
1451,41,65,5,Excellent product! Highly recommended.
1452,7,815,5,"Perfect, exactly as described."
1453,210,662,4,"Quite happy with it, though shipping took a bit longer."
1454,190,531,2,"Disappointed, not as expected."
1455,79,126,4,"Overall good, would recommend."
1456,80,380,4,"Item arrived on time, works fine."
1457,326,769,5,"Awesome, will buy again."
1458,199,159,3,"It does the job, but I expected more features."
1459,121,469,5,"Perfect, exactly as described."
1460,21,995,5,Very satisfied with this purchase.
1461,224,855,5,Top notch quality and excellent customer service.
1462,9,238,3,"Not bad, but not great either. Just average."
1463,488,586,5,"Exceeded my expectations, works flawlessly."
1464,234,273,5,Very fast shipping and great quality.
1465,101,122,5,Excellent product! Highly recommended.
1466,178,932,5,"Perfect, exactly as described."
1467,392,471,3,"Just normal, nothing special."
1468,101,291,1,Total waste of money.
1469,223,977,5,Very satisfied with this purchase.
1470,385,309,4,"Pretty decent, does what it is supposed to."
1471,171,566,5,"Perfect, exactly as described."
1472,88,848,5,Top notch quality and excellent customer service.
1473,440,119,4,"Very good, minor scratches on the outer box but item is intact."
1474,457,59,4,"Satisfied with the purchase, is as described."
1475,123,109,3,"Average product, matches the price."
1476,347,50,2,"Disappointed, not as expected."
1477,257,823,4,"Satisfied with the purchase, is as described."
1478,339,753,5,"Exceeded my expectations, works flawlessly."
1479,404,844,5,Very satisfied with this purchase.
1480,211,53,4,"Well made product, very useful."
1481,136,646,5,"Perfect, exactly as described."
1482,497,828,5,Very satisfied with this purchase.
1483,135,485,4,"Good quality, minor issues with packaging."
1484,35,135,3,"Just normal, nothing special."
1485,462,933,5,"Exceeded my expectations, works flawlessly."
1486,154,583,4,"Item arrived on time, works fine."
1487,104,16,4,"Good quality, minor issues with packaging."
1488,79,822,1,Worst purchase I have ever made.
1489,92,457,5,Super fast delivery and superb product.
1490,379,470,5,"Perfect, exactly as described."
1491,451,642,5,Super fast delivery and superb product.
1492,263,736,1,Total waste of money.
1493,97,24,5,Excellent product! Highly recommended.
1494,26,427,5,Super fast delivery and superb product.
1495,421,881,5,"Great value for money, absolutely love it!"
1496,416,765,5,Top notch quality and excellent customer service.
1497,333,730,5,"Awesome, will buy again."
1498,247,909,4,"Quite happy with it, though shipping took a bit longer."
1499,91,774,4,"Satisfied with the purchase, is as described."
1500,251,223,5,"Perfect, exactly as described."
